method,sft_id_accuracy_mean,sft_id_accuracy_sd,sft_id_expected_reward_mean,sft_id_expected_reward_sd,sft_ood_accuracy_mean,sft_ood_accuracy_sd,sft_ood_expected_reward_mean,sft_ood_expected_reward_sd,reward_ood_accuracy_mean,reward_ood_accuracy_sd,reward_ood_expected_reward_mean,reward_ood_expected_reward_sd,mean_batch_ess
uniform,0.9883333333333334,0.0099128143778086,0.8547673917223427,0.003324186620136372,0.9911666666666666,0.0092157775339662,0.8826674546447371,0.006768537533842414,0.9895,0.009940796972297744,0.9048965629021011,0.006358988631064186,32.0
probability,0.9125,0.004039733214513615,0.8291726935864768,0.0024769947219377285,0.9558333333333333,0.010155048005794934,0.8541319556460564,0.008785775614751603,0.987,0.01046820583162815,0.8995316322341931,0.0066829365519433396,27.15979375360669
cll_monotone,0.9318333333333333,0.003698723503528688,0.8404063195672743,0.0014212606041074786,0.9675,0.008819171036881965,0.864914312614697,0.008198215578105203,0.9878333333333333,0.01058366141223771,0.9017537749615737,0.006563245685373822,28.942109520202365
cll_frontier,0.9855,0.0071589105316381355,0.8552663434336624,0.00422979917400466,0.9881666666666666,0.010297653454387852,0.884772091505005,0.006196216162518556,0.9895,0.011282360864050855,0.9054746999680426,0.006239284638272,28.322538954870147
bucket_1,0.7261666666666666,0.01814869141288153,0.6926021541217617,0.013323928470303035,0.8991666666666667,0.011829224638815328,0.8453893993780589,0.008001464982248224,0.9615,0.011462499242699629,0.8951951407023524,0.0059568918133271614,32.0
bucket_2,0.9435,0.02257241433451212,0.8464757192567828,0.011545335065042517,0.971,0.011492751338706222,0.8882712182890601,0.0061063168838493935,0.9853333333333334,0.009923317097736147,0.9065765769748698,0.006108034639975192,32.0
bucket_3,0.8405,0.008692269873603553,0.7866123800191726,0.006824021426940577,0.9013333333333333,0.015041608956491323,0.8096192890101969,0.00989952367428668,0.9786666666666667,0.010079544742805702,0.8921888532099312,0.0071758825465496265,32.0
bucket_4,0.7673333333333333,0.009919817426635306,0.7390831879874364,0.005307909801649744,0.8165,0.010481465122353407,0.7425306279734082,0.010272164256714974,0.9566666666666667,0.011008204011352437,0.8789346722760397,0.007940940048252703,32.0
bucket_5,0.74,0.012963624321753367,0.7145517269592716,0.00872369400974448,0.7586666666666667,0.029933955078917752,0.6977440459233192,0.023448475003614296,0.9441666666666667,0.017804883849351225,0.8672051435674761,0.012709144336547538,32.0
